phe	n_variables	geno	covar	geno_covar	split
INI50	667045	0.283304357847806	0.533439410213806	0.814001721397763	train+val
INI50	667045	0.166983105028299	0.533574168045938	0.701860238768489	test
INI21001	667045	0.478915450910354	0.0104303208620541	0.48458146098317	train+val
INI21001	667045	0.116111925024247	0.00992157798353164	0.125119620931754	test
HC269	667045	0.86297599330075	0.693475033351922	0.870777106732657	train+val
HC269	667045	0.634101238234144	0.688961985257215	0.732720700075065	test
HC382	667045	0.879736292199828	0.534422190157222	0.877072348732862	train+val
HC382	667045	0.627870099536363	0.537067629836492	0.632046193696028	test
