phe	n_variables	geno	covar	geno_covar	split
INI50	658693	0.283045170937436	0.533439410213806	0.813813770982855	train+val
INI50	658693	0.166326758043254	0.533574168045938	0.701191450202427	test
INI21001	658693	0.479727817077314	0.0104303208620541	0.485346795856304	train+val
INI21001	658693	0.115196618088477	0.00992157798353164	0.124186826281468	test
HC269	658693	0.865337780252587	0.693475033351922	0.872126999489808	train+val
HC269	658693	0.633391143854491	0.688961985257215	0.73249509060116	test
HC382	658693	0.886941745216842	0.534422190157222	0.883769257537181	train+val
HC382	658693	0.623361323740039	0.537067629836492	0.627762521961565	test
